EpochTime,CurrentPlaybackTime,CurrentBufferSize,CurrentPlaybackState,Action,Bitrate
0,0,0,INITIAL_BUFFERING,Starting,0
0,0,0,INITIAL_BUFFERING,Starting,0
0.004545450210571289,0,1,INITIAL_BUFFERING,Writing,45226
0.011250972747802734,0,1,PLAY,InitialBuffering-Play,0
0.014173746109008789,0,0,PLAY,StillPlaying,45226
0.11538004875183105,0,1,PLAY,Writing,88783.0
0.39722776412963867,0,2,PLAY,Writing,128503.0
0.7461585998535156,0,3,PLAY,Writing,177437.0
1.1347072124481201,1,4,PLAY,Writing,217761.0
1.489161491394043,1,5,PLAY,Writing,255865.0
1.8345670700073242,1,6,PLAY,Writing,323047.0
2.520373582839966,2,7,PLAY,Writing,378355.0
3.2660603523254395,3,8,PLAY,Writing,509091.0
3.989267349243164,3,9,PLAY,Writing,577751.0
4.015451908111572,4,8,PLAY,StillPlaying,88783.0
5.011468172073364,4,9,PLAY,Writing,782553.0
6.3865649700164795,6,10,PLAY,Writing,1008699.0
8.01543140411377,8,9,PLAY,StillPlaying,128503.0
8.039863348007202,8,10,PLAY,Writing,1207152.0
10.812187433242798,10,11,PLAY,Writing,1473801.0
12.015453100204468,12,10,PLAY,StillPlaying,177437.0
16.01548933982849,16,9,PLAY,StillPlaying,217761.0
17.806070566177368,17,10,PLAY,Writing,2087347.0
19.605873584747314,19,11,PLAY,Writing,2409742.0
20.01747226715088,20,10,PLAY,StillPlaying,255865.0
24.015458345413208,24,9,PLAY,StillPlaying,323047.0
26.20348072052002,26,10,PLAY,Writing,2944291.0
28.015584230422974,28,9,PLAY,StillPlaying,378355.0
29.493566513061523,29,10,PLAY,Writing,2409742.0
32.015589237213135,32,9,PLAY,StillPlaying,509091.0
32.51903295516968,32,10,PLAY,Writing,2944291.0
35.52435255050659,35,11,PLAY,Writing,2409742.0
36.015496015548706,36,10,PLAY,StillPlaying,577751.0
40.01632857322693,40,9,PLAY,StillPlaying,782553.0
44.01544690132141,44,8,PLAY,StillPlaying,1008699.0
44.33964920043945,44,9,PLAY,Writing,2944291.0
47.851884841918945,47,10,PLAY,Writing,2409742.0
48.0153923034668,48,9,PLAY,StillPlaying,1207152.0
49.47239708900452,49,10,PLAY,Writing,2944291.0
51.62150454521179,51,11,PLAY,Writing,2409742.0
52.015329360961914,52,10,PLAY,StillPlaying,1473801.0
