EpochTime,CurrentPlaybackTime,CurrentBufferSize,CurrentPlaybackState,Action,Bitrate
0,0,0,INITIAL_BUFFERING,Starting,0
0,0,0,INITIAL_BUFFERING,Starting,0
0.0006937980651855469,0,1,INITIAL_BUFFERING,Writing,45226
0.005457878112792969,0,1,PLAY,InitialBuffering-Play,0
0.006886482238769531,0,0,PLAY,StillPlaying,45226
2.2267606258392334,2,1,PLAY,Writing,45226.0
4.008050918579102,4,0,PLAY,StillPlaying,45226.0
8.008376359939575,8,0,BUFFERING,Play-Buffering,0
9.495781660079956,8,1,BUFFERING,Writing,88783.0
9.4982328414917,8,1,PLAY,Buffering-Play,0
9.498692274093628,8,0,PLAY,StillPlaying,88783.0
13.49905514717102,12,0,BUFFERING,Play-Buffering,0
17.014108657836914,12,1,BUFFERING,Writing,45226.0
17.016510486602783,12,1,PLAY,Buffering-Play,0
17.01698398590088,12,0,PLAY,StillPlaying,45226.0
21.017545700073242,16,0,BUFFERING,Play-Buffering,0
25.10545039176941,16,1,BUFFERING,Writing,45226.0
25.107898712158203,16,1,PLAY,Buffering-Play,0
25.108370304107666,16,0,PLAY,StillPlaying,45226.0
28.819039821624756,19,1,PLAY,Writing,45226.0
29.108500719070435,20,0,PLAY,StillPlaying,45226.0
29.686119079589844,20,1,PLAY,Writing,45226.0
30.649315118789673,21,2,PLAY,Writing,45226.0
32.076077699661255,22,3,PLAY,Writing,45226.0
33.10854911804199,24,2,PLAY,StillPlaying,45226.0
34.01167607307434,24,3,PLAY,Writing,88783.0
35.285791873931885,26,4,PLAY,Writing,128503.0
37.10904145240784,28,3,PLAY,StillPlaying,45226.0
38.815452098846436,29,4,PLAY,Writing,177437.0
41.109153509140015,32,3,PLAY,StillPlaying,45226.0
